{
"filter0_w": [
[0.35453786170328994, 0.3562677570134082, 0.37068533958581695, 0.3512924068376648, 0.4272726320310246], 
[0.374783572443974, 0.37560261573426496, 0.3740640367251475, 0.4160761662882428, 0.3765867105579017], 
[0.3655645530129166, 0.3623251516345896, 0.4278708785241824, 0.373448029127899, 0.3689249993204659], 
[0.35122772910595285, 0.42757123007981007, 0.38032639902338466, 0.3563372783923659, 0.36091400338012364], 
[0.45168750088080356, 0.36752717518973416, 0.35115714314208996, 0.3505069093692404, 0.38343315506361864]], 
"filter1_w": [
[0.47197870815841003, 0.38352126068423575, 0.3921727424881561, 0.38940449672667415, 0.38036241436755047], 
[0.3873346448992703, 0.4466795664332492, 0.4130276808870107, 0.4046134538835048, 0.39144610460970436], 
[0.3829427660023872, 0.40708869987837776, 0.44687503152983526, 0.3825524583563031, 0.3902118036177873], 
[0.39514097195683323, 0.40018152644905036, 0.3569737065684732, 0.46501296012655624, 0.3746375621578161], 
[0.39919857813498266, 0.402659290176331, 0.383707213862584, 0.38693145178180705, 0.4362844094178998]], 
"filter2_w": [
[0.38693180074885486, 0.380849106833101, 0.38382607037320554, 0.3666634288149976, 0.4822105681243141], 
[0.39473978942134375, 0.4005696461783732, 0.3913477011142399, 0.47303442767132575, 0.38166530998185333], 
[0.40092687878875893, 0.38329852968376327, 0.44178456496344626, 0.3798064600591237, 0.3696957070549115], 
[0.38993194204231685, 0.4517342426987548, 0.38951673718512464, 0.37267905484356045, 0.3665103992328685], 
[0.4525494833314137, 0.37678096738078065, 0.38975101980306576, 0.36942963124860023, 0.38508124069536387]], 
"filter3_w": [[0.4117116854861789, 0.37137421203249626, 0.3627785579619626, 0.3532748704675939, 0.36142843779097367], 
[0.3630277211678822, 0.44158435259144585, 0.36413771268074474, 0.3395912294310709, 0.3498233378628393], 
[0.3641664617292788, 0.360806526817564, 0.4231716966472419, 0.36535888186320964, 0.35220215849325937], 
[0.35663536710374805, 0.38525026677540697, 0.3771482504934156, 0.42809262227543615, 0.34896296927198833], 
[0.3534875185874003, 0.3503382609307827, 0.3754742540941851, 0.36844469679547126, 0.42972308373338497]], 
"filter0_d": [
[14.5364970151199, 14.91190000000001, 14.91190000000001, 14.91190000000001, 2.2845314155967213], 
[14.91190000000001, 14.000950531803712, 14.91190000000001, 3.0072426857129106, 14.881818104715267], 
[14.91190000000001, 14.91190000000001, 2.839638912064514, 14.91190000000001, 14.91190000000001], 
[14.91190000000001, 1.9322418024096963, 14.91190000000001, 12.232308373743502, 14.91190000000001], 
[0.8121768511059173, 14.91190000000001, 14.91190000000001, 14.91190000000001, 11.21913152254028]], 
"filter1_d": [
[0.7547024484164138, 14.217000000000002, 14.217000000000002, 14.112571307831443, 14.10479363758311], 
[14.217000000000002, 1.7651137489403212, 14.217000000000002, 13.881541080367453, 14.217000000000002], 
[14.217000000000002, 14.217000000000002, 2.7245384626991416, 14.217000000000002, 14.217000000000002], 
[14.217000000000002, 12.677805255576528, 14.217000000000002, 3.742146566271309, 14.217000000000002], 
[11.769548354886906, 14.217000000000002, 14.217000000000002, 14.217000000000002, 4.659897161711342]], 
"filter2_d": [
[13.596961956367133, 14.066799999999978, 14.066799999999978, 14.066799999999978, 0.6551667658080127], 
[14.066799999999978, 14.00129031395633, 14.066799999999978, 1.7004848516272033, 14.066799999999978], 
[14.066799999999978, 14.066799999999978, 2.6508130636266816, 14.066799999999978, 14.066799999999978], 
[14.066799999999978, 3.556833633406363, 14.066799999999978, 14.066799999999978, 14.066799999999978], 
[4.02072114087414, 14.066799999999978, 14.066799999999978, 14.066799999999978, 14.066799999999978]], 
"filter3_d": [
[5.136651289168326, 14.7952, 14.7952, 14.7952, 14.7952], 
[14.7952, 4.150285586015256, 14.7952, 14.7952, 14.7952], 
[14.7952, 14.7952, 3.1496126159431745, 14.7952, 14.7952], 
[14.7952, 14.7952, 14.7952, 2.1639904177028044, 14.7952], 
[14.7952, 14.7952, 14.7952, 14.7952, 1.166615691222176]]}