{"filter0_w": [[0.22754999999999947, 0.22754999999999947, 0.22754999999999947, 0.22754999999999947, 0.3015231258638941], [0.22754999999999947, 0.22754999999999947, 0.22754999999999947, 0.2936734909868721, 0.22754999999999947], [0.22754999999999947, 0.22754999999999947, 0.2985694921397218, 0.22754999999999947, 0.22754999999999947], [0.22754999999999947, 0.31052445267904, 0.22754999999999947, 0.22754999999999947, 0.22754999999999947], [0.323183311793558, 0.22754999999999947, 0.22754999999999947, 0.22754999999999947, 0.22754999999999947]], "filter1_w": [[0.30578137877714595, 0.25004999999999955, 0.25004999999999955, 0.25004999999999955, 0.25004999999999955], [0.25004999999999955, 0.29441128639811215, 0.25004999999999955, 0.25004999999999955, 0.25004999999999955], [0.25004999999999955, 0.25004999999999955, 0.2867540259891105, 0.25004999999999955, 0.25004999999999955], [0.25004999999999955, 0.25004999999999955, 0.25004999999999955, 0.291659282888491, 0.25004999999999955], [0.25004999999999955, 0.25004999999999955, 0.25004999999999955, 0.25004999999999955, 0.2986515820057619]], "filter2_w": [[0.2967, 0.2967, 0.2967, 0.2967, 0.2967], [0.2967, 0.2967, 0.2967, 0.2967, 0.2967], [0.2967, 0.2967, 0.2967, 0.2967, 0.2967], [0.2967, 0.2967, 0.2967, 0.2967, 0.2967], [0.2967, 0.2967, 0.2967, 0.2967, 0.2967]], "filter3_w": [[0.2402506078025534, 0.24004999999999962, 0.24004999999999962, 0.24004999999999962, 0.28425157438701854], [0.24004999999999962, 0.24059224487824601, 0.24004999999999962, 0.27079316467046716, 0.24004999999999962], [0.24004999999999962, 0.24004999999999962, 0.278035779555807, 0.24004999999999962, 0.24004999999999962], [0.24004999999999962, 0.28965431127187063, 0.24004999999999962, 0.24380197061807482, 0.24004999999999962], [0.3019803552878629, 0.24004999999999962, 0.24004999999999962, 0.24004999999999962, 0.2490902056591439]], "filter0_d": [[14.112499999999994, 14.112499999999994, 14.112499999999994, 14.112499999999994, 10.29412793892108], [14.112499999999994, 14.112499999999994, 14.112499999999994, 10.974320725930902, 14.112499999999994], [14.112499999999994, 14.112499999999994, 10.572190554555608, 14.112499999999994, 14.112499999999994], [14.112499999999994, 9.630328680703936, 14.112499999999994, 14.112499999999994, 14.112499999999994], [8.63725744339434, 14.112499999999994, 14.112499999999994, 14.112499999999994, 14.112499999999994]], "filter1_d": [[11.568903442663025, 15.040000000000001, 15.040000000000001, 15.040000000000001, 15.040000000000001], [15.040000000000001, 12.508229252743421, 15.040000000000001, 15.040000000000001, 15.040000000000001], [15.040000000000001, 15.040000000000001, 13.109038648330525, 15.040000000000001, 15.040000000000001], [15.040000000000001, 15.040000000000001, 15.040000000000001, 12.676009271759789, 15.040000000000001], [15.040000000000001, 15.040000000000001, 15.040000000000001, 15.040000000000001, 11.705657521780864]], "filter2_d": [[10.636491969010908, 12.578999999999981, 12.578999999999981, 12.578999999999981, 12.578999999999981], [12.578999999999981, 11.625983590439343, 12.578999999999981, 12.578999999999981, 12.578999999999981], [12.578999999999981, 12.578999999999981, 12.578999999999981, 12.578999999999981, 12.578999999999981], [12.578999999999981, 12.578999999999981, 12.578999999999981, 12.578999999999981, 12.578999999999981], [12.578999999999981, 12.578999999999981, 12.578999999999981, 12.578999999999981, 12.25265954559605]], "filter3_d": [[14.500451375795683, 14.516499999999986, 14.516499999999986, 14.516499999999986, 12.599977802916895], [14.516499999999986, 14.473120409740275, 14.516499999999986, 13.439138622772681, 14.516499999999986], [14.516499999999986, 14.516499999999986, 13.077958939651156, 14.516499999999986, 14.516499999999986], [14.516499999999986, 12.188914407221663, 14.516499999999986, 14.216342350553973, 14.516499999999986], [11.192878071449012, 14.516499999999986, 14.516499999999986, 14.516499999999986, 13.793283547268446]]}