{"filter0_w": [
[0.1402554530953014, 0.09157333333333331, 0.1426199098851137, 0.19655028610286285, 0.18808063445044915],
[0.09157333333333331, 0.13925951455099556, 0.19798436584491622, 0.19232217981529184, 0.08188233564067138],
[0.09157333333333331, 0.10049405006551572, 0.154868653056395, 0.11013683508748243, 0.09157333333333331],
[0.09157333333333331, 0.14474613079992, 0.09157333333333331, 0.09867627469496325, 0.09157333333333331],
[0.17668446301962235, 0.09157333333333331, 0.09157333333333331, 0.09157333333333331, 0.1407454358323256]], 
"filter1_w": [
	[0.13513659811362913, 0.09938666666666662, 0.09938666666666662, 0.09938666666666662, 0.21722184457746527],
[0.1013251479305158, 0.1568131341948405, 0.09938666666666662, 0.18591800230453148, 0.09938666666666662],
[0.09938666666666662, 0.09938666666666662, 0.16931589056927634, 0.09938666666666662, 0.09938666666666662],
[0.09938666666666662, 0.1834942980323, 0.1615768685429365, 0.18872986842683048, 0.09938666666666662],
[0.20436758329045218, 0.14643611003359966, 0.13116163401952527, 0.17094554972617731, 0.16790822143351258]], 
"filter2_w": [
[0.09441999999999996, 0.09441999999999996, 0.09441999999999996, 0.09441999999999996, 0.18527324888726823],
[0.09441999999999996, 0.09441999999999996, 0.09441999999999996, 0.18618187833567018, 0.09441999999999996],
[0.09441999999999996, 0.09441999999999996, 0.14197967492055605, 0.09441999999999996, 0.09441999999999996],
[0.12619118538633245, 0.19040363155589068, 0.09441999999999996, 0.09441999999999996, 0.09441999999999996],
[0.2035830743464628, 0.09441999999999996, 0.09441999999999996, 0.09441999999999996, 0.09441999999999996]], 
"filter3_w": [
[0.19862146065024647, 0.09040666666666666, 0.09040666666666666, 0.09040666666666666, 0.09040666666666666],
[0.09040666666666666, 0.17338486730450775, 0.09040666666666666, 0.09040666666666666, 0.09040666666666666],
[0.09040666666666666, 0.09040666666666666, 0.1568566457316081, 0.16472371175435221, 0.09040666666666666],
[0.09040666666666666, 0.09040666666666666, 0.13382571151610598, 0.171943108925673, 0.1003927991775996],
[0.09040666666666666, 0.10045339641048956, 0.1005795159798202, 0.12997390138524548, 0.18114720760609898]], 
"filter0_d": [
	[1.3090916743404093, 3.5378037370383164, 1.5617642453448555 , 0.9190797730257882 , 0.2968156725296702 ],
[4.848133333333336 , 1.6459754189272275 , 0.3739820210017156 , 0.44980163702229686 , 4.352128286328446 ],
[4.848133333333336 , 3.245504446003439 , 1.3547892210719943 , 3.327836815921282 , 4.841113096486134 ],
[4.3790850767207425, 1.5582152088602637, 4.848133333333336 , 2.898503766825328 , 4.704339829537809 ],
[0.8631997738332, 4.848133333333336 , 4.848133333333336 , 4.848133333333336 , 2.0036529686643885]], 
"filter1_d": [
[2.0412974586490598 , 4.0719401187072615, 4.559257522805756 , 4.821066666666669 , 0.23695017733071294 ],
[4.101339513427256 , 2.2296693015176943 , 4.3264051438904545 , 1.1240379395361548 , 4.821066666666669 ],
[4.821066666666669, 4.303488981122278 , 1.6575198626407075, 4.779064630996877 , 4.79434626604965],
[4.821066666666669, 1.4046844435548165, 1.6607604801576765, 1.522166176903855 , 4.776743683517068],
[0.7845395943149016, 2.4764569562805603, 2.3931757284869035, 1.8641343370296166, 1.0618662108943984]], 
"filter2_d": [
	[4.646925209418324 , 4.878400000000005 , 4.878400000000005 , 4.878400000000005 , 0.8855132660497713 ],
[4.878400000000005, 4.878400000000005, 4.566976405408975 , 0.8754291730365578, 4.878400000000005 ],
[3.9763009832060705, 4.330569032785556, 1.46033208131397 , 4.4774157310405664, 4.4576088230547075 ],
[3.173154285672726, 0.4904167523477468, 4.878400000000005, 4.021360419569756, 4.878400000000005 ],
[0.2795999999999995, 4.878400000000005, 4.074735661521287, 4.878400000000005 , 4.457628088763434 ]], 
"filter3_d": [
[0.1340020538843501 , 4.583538298193509 , 4.891466666666672 , 3.758802021723218 , 4.891466666666672 ],
[4.891466666666672 , 0.1225443126330734 , 3.3794182782609172 , 4.352732005635944 , 3.8755269584114793 ],
[4.891466666666672 , 3.4548812548664287 , 0.9172522734949344 , 1.3081741314271458 , 4.268212370383894],
[4.891466666666672 , 4.891466666666672 , 1.836941363994341 , 0.8977740131603243 , 4.153444105242869],
[4.891466666666672 , 3.369354390186114 , 3.293757105810486 , 2.162451079969379 , 0.3654368340632392 ]]}